001,486017612198957,113,M,0
001,486017612198958,113,M,1
002,486017612174360,113,M,2
002,486017612174361,113,M,3
003,486017612178464,113,M,4
004,486017612186638,113,M,5
005,486017612174362,113,M,6
005,486017612174363,113,M,7
006,486017612203050,113,M,8
007,486017612174393,113,M,9
007,486017612174394,113,M,10
008,486017612178444,113,M,11
008,486017612178445,113,M,12
009,482517400904709,113,M,13
009,482517400904710,113,M,14
010,486017612198950,113,M,15
010,486017612198951,113,M,16
011,486017612182584,113,M,17
011,486017612182585,113,M,18
012,486017612186639,113,M,19
012,486017612186640,113,M,20
013,486017612198952,113,M,21
013,486017612198953,113,M,22
013,486017612198954,113,M,23
014,482517400904715,113,M,24
015,486017612207155,113,M,25
015,486017612207156,113,M,26
016,486017612207121,113,N,0
017,486017612198934,113,N,1
018,486017612207117,113,N,2
019,482517400904712,113,N,3
020,486017612203069,113,N,4
020,486017612203070,113,N,5
020,486017612203071,113,N,6
020,486019510404188,113,N,7
021,482517400904711,113,N,8
022,486017612174355,113,N,9
022,486017612174356,113,N,10
023,486017612178437,113,N,11
023,486017612178438,113,N,12
024,486017612186666,113,N,13
025,486017612198919,113,N,14
025,486017612198920,113,N,15
026,486017612186650,113,N,16
027,486017612203068,113,N,17
028,486017612174392,113,N,18
029,486017612174345,113,N,19
030,486017612178439,113,N,20
030,486017612178440,113,N,21
031,486017612174399,113,N,22
032,486017612174346,113,N,23
032,486017612174348,113,N,24
033,482517400904713,113,N,25
034,486017612178441,113,N,26
034,486017612178442,113,N,27
035,486017612174391,113,P,0
036,486017612186662,113,P,1
037,486017612178494,113,P,2
038,486017612174350,113,P,3
038,486017612174351,113,P,4
039,486017612186663,113,P,5
040,482517400904714,113,P,6
041,486017612198963,113,P,7
041,486017612198964,113,P,8
041,486017612198965,113,P,9
041,486017612198966,113,P,10
042,486017612174344,113,P,11
043,486017612174381,113,P,12
043,486017612174382,113,P,13
043,486017612174383,113,P,14
043,486017612174384,113,P,15
044,486017612203046,113,P,16
045,486017612198949,113,P,17
046,486017612178487,113,P,18
047,486017612182572,113,P,19
047,486017612182573,113,P,20
048,486017612186657,113,P,21
048,486017612186658,113,P,22
049,486017612178470,113,P,23
049,486017612178471,113,P,24
049,486017612178472,113,P,25
050,482517400904716,113,P,26
050,482517400904717,113,P,27
051,486017612207128,113,Q,0
051,486017612207129,113,Q,1
052,486017612178451,113,Q,2
052,486017612178452,113,Q,3
053,486017612174377,113,Q,4
054,486017612198955,113,Q,5
054,486017612198956,113,Q,6
055,486017612178466,113,Q,7
056,486017612174357,113,Q,8
057,486017612178461,113,Q,9
057,486017612178462,113,Q,10
057,486017612178463,113,Q,11
058,482517400904718,113,Q,12
059,486017612186659,113,Q,13
060,486017612198968,113,Q,14
060,486017612198969,113,Q,15
061,486017612194852,113,Q,16
062,486017612203026,113,Q,17
063,486017612178467,113,Q,18
064,486017612194879,113,Q,19
065,486017612174374,113,Q,20
066,486017612207133,113,Q,21
066,486017612207134,113,Q,22
067,486017612174341,113,Q,23
068,486017612178475,113,Q,24
070,486017612178453,113,Q,25
070,486017612178454,113,Q,26
071,486017612178477,113,Q,27
069,486017612174370,113,R,0
069,486017612174371,113,R,1
069,486017612174372,113,R,2
069,486017612174373,113,R,3
072,486017612174343,113,R,4
073,486017612178469,113,R,5
074,486017612178476,113,R,6
075,486017612174342,113,R,7
076,486017612182569,113,R,8
077,486017612174376,113,R,9
078,486017612174375,113,R,10
079,486017612203045,113,R,11
080,486017612190748,113,R,12
080,486017612190749,113,R,13
081,486017612182542,113,R,14
082,486017612178480,113,R,15
082,486017612178482,113,R,16
083,486017612190726,113,R,17
083,486017612190727,113,R,18
084,486017612207141,113,R,19
085,486017612207139,113,R,20
085,486017612207140,113,R,21
086,486017612186673,113,R,22
087,486017612174358,113,R,23
088,486017612174347,113,R,24
088,486017612174349,113,R,25
091,486017612178485,113,R,26
089,486017612207119,113,S,0
089,486017612207120,113,S,1
090,486017612174396,113,S,2
090,486017612174397,113,S,3
092,486017612182566,113,S,4
092,486017612182567,113,S,5
093,486017612182553,113,S,6
094,486017612178492,113,S,7
095,486017612190728,113,S,8
096,486017612194827,113,S,9
097,486017612182533,113,S,10
097,486017612182534,113,S,11
097,486017612182535,113,S,12
098,486017612174378,113,S,13
098,486017612174379,113,S,14
099,486017612174352,113,S,15
099,486017612174353,113,S,16
100,486017612178495,113,S,17
101,486017612174385,113,S,18
101,486017612174386,113,S,19
102,486017612182547,113,S,20
102,486017612182548,113,S,21
102,486017612182549,113,S,22
103,486017612174395,113,S,23
104,486017612182579,113,S,24
105,486017612174354,113,S,25
106,486017612182537,113,S,26
107,486017612182543,113,S,27
107,486017612182544,113,S,28
108,486017612203051,113,T,0
109,486017612174387,113,T,1
109,486017612174388,113,T,2
109,486017612174389,113,T,3
110,486017612190764,113,T,4
111,486017612178486,113,T,5
112,486017612207151,113,T,6
112,486017612207152,113,T,7
113,486017612182557,113,T,8
114,486017612174359,113,T,9
115,486017612182536,113,T,10
116,486017612207147,113,T,11
116,486017612207148,113,T,12
117,486017612186674,113,T,13
117,486017612186675,113,T,14
118,486017612178490,113,T,15
119,486017612190743,113,T,16
120,486017612207115,113,T,17
120,486017612207116,113,T,18
121,486017612198970,113,T,19
121,486017612198971,113,T,20
122,486017612182551,113,T,21
122,486017612182552,113,T,22
123,486017612182546,113,T,23
124,486017612174398,113,T,24
125,486017612174367,113,T,25
126,486017612203016,113,T,26
127,486017612182560,113,T,27
127,486019510416482,113,T,28
128,486017612182558,113,U,0
128,486017612182559,113,U,1
129,486017612190736,113,U,2
130,486017612203014,113,U,3
130,486017612203015,113,U,4
131,486017612174366,113,U,5
132,486017612182586,113,U,6
132,486017612182587,113,U,7
133,486017612178455,113,U,8
133,486017612178456,113,U,9
134,486017612174368,113,U,10
134,486017612174369,113,U,11
135,486017612194874,113,U,12
135,486017612194875,113,U,13
136,486017612207144,113,U,14
137,486017612182561,113,U,15
138,486017612174365,113,U,16
139,486017612203059,113,U,17
139,486017612203060,113,U,18
139,486017612203061,113,U,19
139,486017612203062,113,U,20
140,486017612182545,113,U,21
141,486017612174364,113,U,22
142,486017612186635,113,V,0
143,486017612190779,113,V,1
144,486017612182554,113,V,2
144,486017612182555,113,V,3
144,486017612182556,113,V,4
145,486017612203013,113,V,5
146,486017612194856,113,V,6
147,486017612182574,113,V,7
148,486017612194867,113,V,8
148,486017612194868,113,V,9
149,486017612182570,113,V,10
150,486017612186667,113,V,11
151,486017612198927,113,V,12
152,486017612207135,113,V,13
152,486017612207136,113,V,14
152,486017612207137,113,V,15
152,486017612207138,113,V,16
153,486017612186654,113,V,17
154,486017612174380,113,V,18
155,486017612182577,113,V,19
155,486017612182578,113,V,20
156,486017612182575,113,V,21
158,486017612186676,113,V,22
159,486017612182591,113,V,23
157,486017612178446,113,W,0
157,486017612178447,113,W,1
157,486017612178448,113,W,2
160,486017612182588,113,W,3
160,486017612182589,113,W,4
161,486017612178473,113,W,5
162,486017612194844,113,W,6
163,486017612186630,113,W,7
164,486017612203052,113,W,8
165,486017612174390,113,W,9
166,486017612207118,113,W,10
167,486017612203022,113,W,11
167,486017612203023,113,W,12
168,486017612182580,113,W,13
169,486017612203020,113,W,14
169,486017612203021,113,W,15
170,486017612194850,113,W,16
170,486017612194851,113,W,17
171,486017612182568,113,W,18
172,486017612194842,113,W,19
173,486017612178478,113,W,20
173,486017612178479,113,W,21
174,486017612182590,113,W,22
175,486017612178465,113,W,23
176,486017612198967,114,H,0
177,486017612178449,114,H,1
177,486017612178450,114,H,2
178,486017612190774,114,H,3
178,486017612190776,114,H,4
179,486017612190768,114,H,5
179,486017612190769,114,H,6
179,486017612190770,114,H,7
179,486017612190771,114,H,8
180,486017612178443,114,J,0
181,486017612178481,114,J,1
181,486017612178483,114,J,2
182,486017612178489,114,J,3
183,486017612186642,114,J,4
184,486017612178457,114,J,5
184,486017612178458,114,J,6
185,486017612198923,114,J,7
186,486017612194864,114,J,8
186,486017612194865,114,J,9
187,486017612194861,114,K,0
187,486017612194862,114,K,1
188,486017612186655,114,K,2
188,486017612186656,114,K,3
189,486017612178459,114,K,4
189,486017612178460,114,K,5
190,486017612182540,114,K,6
190,486017612182541,114,K,7
191,486017612186651,114,K,8
192,486017612207122,114,K,9
193,486017612178484,114,K,10
194,486017612186643,114,L,0
194,486017612186644,114,L,1
195,486017612178468,114,L,2
196,486017612203043,114,L,3
196,486017612203044,114,L,4
197,486017612203034,114,L,5
197,486017612203036,114,L,6
198,486017612194860,114,L,7
199,486017612207111,114,L,8
199,486017612207112,114,L,9
199,486017612207113,114,L,10
199,486017612207114,114,L,11
200,486017612186652,114,M,0
200,486017612186653,114,M,1
201,486017612186668,114,M,2
202,486017612198932,114,M,3
202,486017612198933,114,M,4
203,486017612178474,114,M,5
204,486017612186645,114,M,6
204,486017612186646,114,M,7
205,486017612194859,114,M,8
206,486017612190741,114,M,9
206,486017612190742,114,M,10
207,486017612186687,114,M,11
207,486017612190725,114,M,12
208,486017612203055,114,N,0
209,486017612178491,114,N,1
210,486017612186672,114,N,2
211,486017612186661,114,N,3
212,486017612182565,114,N,4
215,486017612178488,114,N,5
213,486017612203063,114,P,0
213,486017612203064,114,P,1
213,486017612203065,114,P,2
213,486017612203066,114,P,3
214,486017612207126,114,P,4
214,486017612207127,114,P,5
216,486017612207132,114,Q,0
217,486017612203041,114,Q,1
217,486017612203042,114,Q,2
218,486017612198961,114,Q,3
218,486017612198962,114,Q,4
220,486017612186681,114,Q,5
219,486017612186670,114,R,0
219,486017612186671,114,R,1
221,486017612194878,114,R,2
222,486017612207149,114,R,3
222,486017612207150,114,R,4
223,486017612178493,114,R,5
224,486017612186680,114,S,0
225,486017612194824,114,S,1
225,486017612194825,114,S,2
226,486017612182550,114,S,3
227,486017612190745,114,S,4
228,486017612186634,114,S,5
229,486017612186684,114,T,0
230,486017612182563,114,T,1
230,486017612182564,114,T,2
231,486017612186677,114,T,3
231,486017612186678,114,T,4
234,486017612194870,114,T,5
232,486017612190738,114,U,0
232,486017612190739,114,U,1
233,486017612182538,114,U,2
233,486017612182539,114,U,3
235,486017612182583,114,U,4
238,486017612182562,114,U,5
236,486017612198921,114,V,0
236,486017612198922,114,V,1
237,486017612207109,114,V,2
237,486017612207110,114,V,3
239,486017612194822,114,V,4
240,486017612190735,114,V,5
241,486017612190753,114,W,0
241,486017612190754,114,W,1
242,486017612190773,114,W,2
242,486017612190775,114,W,3
243,486017612194863,114,W,4
245,486017612186660,114,W,5
244,486017612203030,112,M,0
244,486017612203031,112,M,1
244,486017612203032,112,M,2
244,486017612203033,112,M,3
246,486017612186632,112,M,4
246,486017612186633,112,M,5
247,486017612194832,112,M,6
248,486017612190744,112,M,7
249,486017612186641,112,M,8
250,486017612190750,112,M,9
250,486017612190751,112,M,10
251,486017612194866,112,M,11
252,486017612203038,112,M,12
252,486017612203039,112,M,13
252,486017612203040,112,M,14
253,486017612198925,112,M,15
253,486017612198926,112,M,16
254,486017612186664,112,M,17
254,486017612186665,112,M,18
255,486017612194837,112,M,19
255,486017612194838,112,M,20
256,486017612198975,112,M,21
257,486017612186631,112,M,22
258,486017612194823,112,M,23
259,486017612182571,112,N,0
260,486017612190780,112,N,1
260,486017612190781,112,N,2
261,486017612194828,112,N,3
261,486017612194829,112,N,4
262,486017612182582,112,N,5
263,486017612203024,112,N,6
263,486017612203025,112,N,7
264,486017612207145,112,N,8
264,486017612207146,112,N,9
265,486017612182581,112,N,10
266,486017612198924,112,N,11
267,486017612198928,112,N,12
267,486017612198929,112,N,13
268,486017612182576,112,N,14
269,486017612190783,112,N,15
269,486017612194821,112,N,16
270,486017612194826,112,N,17
271,486017612186636,112,N,18
272,486017612207130,112,N,19
272,486017612207131,112,N,20
273,486017612186637,112,N,21
275,486017612190782,112,N,22
276,486017612186629,112,N,23
274,486017612203056,112,P,0
274,486017612203057,112,P,1
274,486017612203058,112,P,2
277,486017612198945,112,P,3
278,486017612190746,112,P,4
278,486017612190747,112,P,5
279,486017612203053,112,P,6
280,486017612190760,112,P,7
280,486017612190761,112,P,8
281,486017612194834,112,P,9
281,486017612194836,112,P,10
282,486017612207125,112,P,11
283,486017612194831,112,P,12
284,486017612186669,112,P,13
285,486017612207153,112,P,14
285,486017612207154,112,P,15
286,486017612190731,112,P,16
286,486017612190733,112,P,17
286,486017612190734,112,P,18
287,486017612186648,112,P,19
287,486017612186649,112,P,20
288,486017612194839,112,P,21
288,486017612194840,112,P,22
288,486017612194841,112,P,23
289,486017612194846,112,Q,0
289,486017612194847,112,Q,1
290,486017612194835,112,Q,2
291,486017612198941,112,Q,3
291,486017612198942,112,Q,4
292,486017612203027,112,Q,5
292,486017612203028,112,Q,6
292,486017612203029,112,Q,7
293,486017612203067,112,Q,8
294,486017612190740,112,Q,9
295,486017612186685,112,Q,10
295,486017612186686,112,Q,11
296,486017612186679,112,Q,12
297,486017612194853,112,Q,13
298,486017612198972,112,Q,14
298,486017612198973,112,Q,15
298,486017612198974,112,Q,16
299,486017612194857,112,Q,17
299,486017612194858,112,Q,18
300,486017612198935,112,Q,19
301,486017612194848,112,Q,20
302,486017612190762,112,Q,21
302,486017612190763,112,Q,22
303,486017612186647,112,Q,23
305,486017612190752,112,Q,24
304,486017612198943,112,R,0
304,486017612198944,112,R,1
306,486017612190730,112,R,2
306,486017612190732,112,R,3
307,486017612194849,112,R,4
308,486017612198939,112,R,5
308,486017612198940,112,R,6
309,486017612198917,112,R,7
310,486017612198936,112,R,8
310,486017612198937,112,R,9
310,486017612198938,112,R,10
311,486017612194869,112,R,11
312,486017612194830,112,R,12
313,486017612194854,112,R,13
313,486017612194855,112,R,14
314,486017612190777,112,R,15
314,486017612190778,112,R,16
315,486017612198948,112,R,17
316,486017612198930,112,R,18
316,486017612198931,112,R,19
317,486017612198946,112,R,20
317,486017612198947,112,R,21
318,486017612207157,112,R,22
319,486017612198959,112,R,23
319,486017612198960,112,R,24
320,486017612190765,112,S,0
321,486017612194843,112,S,1
321,486017612194845,112,S,2
322,486017612190755,112,S,3
322,486017612190756,112,S,4
323,486017612190767,112,S,5
324,486017612194833,112,S,6
325,486017612207142,112,S,7
325,486017612207143,112,S,8
326,486017612194873,112,S,9
327,486017612190757,112,S,10
327,486017612190758,112,S,11
327,486017612190759,112,S,12
328,486017612198918,112,S,13
329,486017612186682,112,S,14
329,486017612186683,112,S,15
330,486017612190737,112,S,16
331,486017612194876,112,S,17
331,486017612194877,112,S,18
332,486017612190766,112,S,19
333,486017612190729,112,S,20
334,486017612207123,112,S,21
334,486017612207124,112,S,22
337,486017612203054,112,S,23
339,486017612190772,112,S,24
335,486017612203047,112,T,0
335,486017612203048,112,T,1
335,486017612203049,112,T,2
336,486017612203017,112,T,3
336,486017612203018,112,T,4
336,486017612203019,112,T,5
338,486017612194871,112,T,6
338,486017612194872,112,T,7
340,486017612203035,112,T,8
340,486017612203037,112,T,9
341,486017612211207,112,T,10
341,486017612211208,112,T,11
342,486017612207158,112,T,12
343,486017612211211,112,T,13
343,486017612211212,112,T,14
344,486017612207159,112,T,15
344,486017612207160,112,T,16
345,486017612211216,112,T,17
346,486017612207161,112,T,18
346,486017612207162,112,T,19
347,486017612211213,112,T,20
347,486017612211214,112,T,21
347,486017612211215,112,T,22
349,486017612211252,112,T,23
350,486017612211230,112,T,24
348,486017612211254,112,U,0
348,486017612211255,112,U,1
348,486017612211256,112,U,2
351,486017612207164,112,U,3
351,486017612207165,112,U,4
351,486017612207166,112,U,5
351,486017612207167,112,U,6
352,486017612211246,112,U,7
353,486017612207163,112,U,8
354,486017612211253,112,U,9
355,486017612211232,112,U,10
355,486017612211233,112,U,11
356,486017612211205,112,U,12
357,486017612211206,112,U,13
358,486017612211250,112,U,14
358,486017612211251,112,U,15
359,486017612211209,112,U,16
359,486017612211210,112,U,17
360,486017612211220,112,U,18
361,486017612211238,112,U,19
362,486017612211218,112,U,20
362,486017612211219,112,U,21
363,486017612211223,112,U,22
364,486017612211248,112,U,23
365,486017612211217,112,U,24
367,486017612211225,112,U,25
366,486017612211240,112,V,0
366,486017612211241,112,V,1
368,486017612211242,112,V,2
369,486017612211221,112,V,3
370,486017612211222,112,V,4
371,486017612211235,112,V,5
371,486434227246713,112,V,6
372,486017612211226,112,V,7
372,486017612211227,112,V,8
373,486017612211224,112,V,9
374,486017612211228,112,V,10
375,486017612211231,112,V,11
376,486017612211257,112,V,12
376,486017612211258,112,V,13
377,486017612211236,112,V,14
377,486017612211237,112,V,15
378,486017612211234,112,V,16
379,486017612211229,112,V,17
380,486017612211245,112,V,18
381,486017612211249,112,V,19
382,486017612211239,112,V,20
383,486017612211247,112,V,21
384,486017612211243,112,V,22
384,486017612211244,112,V,23
385,486017612215308,112,V,24
387,486017612211260,112,V,25
386,486017612215306,112,W,0
386,486017612215307,112,W,1
388,486017612215301,112,W,2
388,486017612215302,112,W,3
388,486017612215303,112,W,4
389,486017612215304,112,W,5
390,486017612211262,112,W,6
390,486017612211263,112,W,7
391,486017612211261,112,W,8
392,486017612211259,112,W,9
393,486017612215305,112,W,10
394,486434227238509,112,W,11
395,486434227238496,112,W,12
396,486434227242567,112,W,13
397,486434227242568,112,W,14
398,486434227238502,112,W,15
399,486434227242615,112,W,16
399,486434227242614,112,W,17
400,486434227238500,112,W,18
400,486434227238501,112,W,19
401,486434227246706,112,W,20
401,486434227246707,112,W,21
401,486434227246708,112,W,22
402,486405109114373,111,E,0
402,486434227238469,111,E,1
403,486434227246709,111,E,2
403,486434227246710,111,E,3
404,486434227238510,111,E,4
405,486434227242578,111,E,5
406,486434227238470,111,E,6
406,486434227246704,111,E,7
406,486434227246705,111,E,8
407,486434227238471,111,E,9
407,486434227238472,111,E,10
408,486434227250775,111,E,11
409,486434227238512,111,F,0
410,486434227242618,111,F,1
411,486434227250792,111,F,2
411,486434227250793,111,F,3
411,486434227250794,111,F,4
411,486434227250795,111,F,5
412,486434227238507,111,F,6
412,486434227238508,111,F,7
413,486434227238473,111,F,8
414,486434227238503,111,F,9
414,486434227238504,111,F,10
415,486434227238474,111,F,11
417,486434227238476,111,F,12
416,486434227238519,111,G,0
416,486434227238520,111,G,1
418,486434227238475,111,G,2
419,486434227238522,111,G,3
419,486434227238523,111,G,4
420,486434227250783,111,G,5
421,486434227238513,111,G,6
421,486434227238514,111,G,7
422,486434227250772,111,G,8
422,486434227250773,111,G,9
422,486434227250774,111,G,10
423,486434227242619,111,G,11
423,486434227242620,111,G,12
424,486434227238511,111,G,13
425,486434227238515,111,H,0
425,486434227238516,111,H,1
426,486434227250757,111,H,2
427,486434227238526,111,H,3
428,486434227238477,111,H,4
429,486434227238521,111,H,5
430,486434227238483,111,H,6
431,486434227238517,111,H,7
431,486434227238518,111,H,8
432,486434227242622,111,H,9
433,486434227238524,111,H,10
434,486434227242623,111,H,11
435,486434227246661,111,J,0
436,486434227246663,111,J,1
437,486434227238525,111,J,2
438,486434227250799,111,J,3
439,486434227238479,111,J,4
440,486434227238480,111,J,5
441,486434227246666,111,J,6
441,486434227246668,111,J,7
442,486434227238493,111,J,8
442,486434227254865,111,J,9
443,486434227238478,111,J,10
444,486434227238481,111,J,11
444,486434227238482,111,J,12
445,486434227238484,111,K,0
445,486434227238485,111,K,1
446,486434227250788,111,K,2
447,486434227238489,111,K,3
448,486434227238486,111,K,4
449,486434227238491,111,K,5
449,486434227238492,111,K,6
450,486434227238487,111,K,7
450,486434227238488,111,K,8
451,486434227250796,111,K,9
451,486434227250797,111,K,10
452,486434227246675,111,K,11
453,486434227238490,111,K,12
454,486434227246664,111,K,13
455,486434227246665,111,L,0
455,486434227246667,111,L,1
456,486434227246693,111,L,2
456,486434227246694,111,L,3
457,486434227238527,111,L,4
457,486434227242565,111,L,5
458,486434227250786,111,L,6
458,486434227250787,111,L,7
459,486434227242589,111,L,8
459,486434227242590,111,L,9
460,486434227238494,111,L,10
460,486434227242601,111,L,11
461,486434227250789,111,L,12
462,486434227250781,111,L,13
462,486434227250782,111,L,14
463,486434227242569,111,L,15
464,486434227246714,111,M,0
464,486434227246715,111,M,1
465,486434227242591,111,M,2
465,486434227242592,111,M,3
465,486434227242593,111,M,4
466,486434227242572,111,M,5
467,486434227242566,111,M,6
468,486434227250778,111,M,7
469,486434227242571,111,M,8
470,486434227242580,111,M,9
471,486434227242577,111,M,10
472,486434227246677,111,M,11
472,486434227246678,111,M,12
473,486434227242582,111,M,13
476,486434227242596,111,M,14
474,486434227242587,111,N,0
474,486434227242588,111,N,1
475,486434227242574,111,N,2
475,486434227242573,111,N,3
477,486434227246716,111,N,4
478,486434227242570,111,N,5
479,486434227246711,111,N,6
479,486434227246712,111,N,7
480,486434227250767,111,N,8
481,486434227238497,111,N,9
481,486434227238499,111,N,10
482,486434227246679,111,N,11
482,486434227246680,111,N,12
483,486434227242581,111,N,13
484,486434227242576,111,N,14
485,486434227250798,111,N,15
486,486434227242579,111,P,0
487,486434227242585,111,P,1
487,486434227242586,111,P,2
488,486434227242594,111,P,3
489,486434227238495,111,P,4
490,486434227238498,111,P,5
491,486434227246681,111,P,6
491,486434227246682,111,P,7
492,486434227246683,111,P,8
492,486434227246684,111,P,9
493,486434227242598,111,P,10
493,486434227242599,111,P,11
494,486434227242595,111,P,12
495,486434227250761,111,P,13
495,486434227250762,111,P,14
495,486434227250763,111,P,15
496,486434227250760,111,Q,0
497,486434227250758,111,Q,1
498,486434227250759,111,Q,2
499,486434227238505,111,Q,3
500,486434227242597,111,Q,4
501,486434227238506,111,Q,5
502,486434227246685,111,Q,6
503,486434227242600,111,Q,7
504,486434227246692,111,Q,8
505,486434227242621,111,Q,9
506,486434227242609,111,Q,10
507,486434227242604,111,Q,11
507,486434227242606,111,Q,12
508,486434227250764,111,Q,13
509,486434227242602,111,Q,14
510,486434227242607,111,Q,15
510,486434227242608,111,Q,16
511,486434227246686,111,R,0
511,486434227246687,111,R,1
511,486434227246688,111,R,2
511,486434227246689,111,R,3
512,486434227242610,111,R,4
512,486434227242611,111,R,5
512,486434227242612,111,R,6
513,486434227242613,111,R,7
514,486434227246697,111,R,8
515,486434227246691,111,R,9
516,486434227246690,111,R,10
517,486434227246701,111,R,11
517,486434227246702,111,R,12
518,486434227250765,111,R,13
518,486434227250766,111,R,14
519,486434227242583,111,R,15
519,486434227242584,111,R,16
520,486434227242575,111,S,0
521,486434227250779,111,S,1
522,486434227250780,111,S,2
523,486434227250769,111,S,3
524,486434227250768,111,S,4
525,486434227246696,111,S,5
526,486434227242616,111,S,6
526,486434227242617,111,S,7
527,486434227250776,111,S,8
527,486434227250777,111,S,9
528,486434227250784,111,S,10
528,486434227250785,111,S,11
529,486434227250770,111,S,12
530,486434227246672,111,S,13
531,486434227246662,111,S,14
532,486434227246695,111,S,15
533,486434227246699,111,S,16
533,486434227246700,111,S,17
534,486434227250771,111,T,0
535,486434227246698,111,T,1
536,486434227246719,111,T,2
537,486434227246669,111,T,3
537,486434227246670,111,T,4
538,486434227246671,111,T,5
539,486434227246676,111,T,6
540,486434227250790,111,T,7
540,486434227250791,111,T,8
541,486434227246673,111,T,9
541,486434227246674,111,T,10
542,486434227246717,111,T,11
542,486434227246718,111,T,12
543,486434227242605,111,T,13
544,486434227242603,111,T,14
545,486434227246703,111,T,15
546,486434227254862,111,T,16
547,486434227250800,111,T,17
548,486434227254860,111,U,0
548,486434227254861,111,U,1
549,486434227250810,111,U,2
550,486434227254859,111,U,3
551,486434227250808,111,U,4
551,486434227250809,111,U,5
552,486434227254854,111,U,6
552,486434227254855,111,U,7
552,486434227254856,111,U,8
553,486434227250814,111,U,9
553,486434227250815,111,U,10
554,486434227250811,111,U,11
555,486434227250813,111,U,12
556,486434227250801,111,U,13
557,486434227254853,111,U,14
558,486434227254857,111,U,15
558,486434227254858,111,U,16
559,486434227250806,111,U,17
560,486434227250804,111,U,18
561,486434227250802,111,V,0
561,486434227250803,111,V,1
562,486434227250805,111,V,2
563,486434227250812,111,V,3
564,486434227250807,111,V,4
565,486434227254863,111,V,5
566,486434227254864,111,V,6
567,486019510400088,111,V,7
568,486019510412359,111,V,8
568,486019510412360,111,V,9
568,486019510412361,111,V,10
569,486019510408278,111,V,11
570,486019510408295,111,V,12
571,486019510404173,111,V,13
572,486019510400118,111,V,14
572,486019510400119,111,V,15
573,477537767592774,111,V,16
574,477537767592773,111,V,17
575,486019510404210,111,V,18
576,486019510404177,111,W,0
577,486019510404176,111,W,1
578,486019510404175,111,W,2
579,486019510404174,111,W,3
580,486019510400086,111,W,4
580,486019510400087,111,W,5
581,486019510408267,111,W,6
582,486019510400110,111,W,7
583,486019510400111,111,W,8
584,486019510400083,111,W,9
584,486019510400082,111,W,10
585,486019510404198,111,W,11
586,486019510400070,111,W,12
587,486019510404183,111,W,13
588,486019510404182,111,W,14
588,486019510404181,111,W,15
589,486019510404180,111,W,16
590,486019510400079,110,M,0
591,486019510400102,110,M,1
592,477537767592775,110,M,2
593,486019510404165,110,M,3
594,486019510400093,110,M,4
595,477537767592779,110,M,5
595,477537767592780,110,M,6
596,486019510400115,110,M,7
597,486019510400123,110,M,8
598,486019510400092,110,M,9
599,486019510408294,110,M,10
600,477537767592776,110,M,11
601,486019510408307,110,M,12
602,486019510404196,110,N,0
603,486019510412383,110,N,1
604,477537767592777,110,N,2
604,477537767592778,110,N,3
605,486019510412386,110,N,4
606,486019510404200,110,N,5
606,486019510404201,110,N,6
607,486019510400103,110,N,7
607,486019510400104,110,N,8
608,486019510404219,110,N,9
608,486019510404220,110,N,10
609,486019510408292,110,N,11
610,486019510408291,110,N,12
613,486019510404168,110,N,13
611,486019510408290,110,P,0
611,486019510408289,110,P,1
612,486019510408265,110,P,2
612,486019510408266,110,P,3
614,486019510404170,110,P,4
615,486019510408297,110,P,5
616,477537767592782,110,P,6
617,477537767592781,110,P,7
618,486019510400069,110,P,8
619,486019510412384,110,P,9
620,486019510412385,110,P,10
621,486019510412387,110,P,11
622,486019510400116,110,P,12
623,486019510404202,110,P,13
623,486019510404203,110,P,14
624,486019510412379,110,P,15
625,486019510408308,110,Q,0
626,486019510400076,110,Q,1
627,486019510412382,110,Q,2
628,486019510408282,110,Q,3
629,486019510408271,110,Q,4
630,486019510400080,110,Q,5
630,486019510400081,110,Q,6
631,486019510408293,110,Q,7
632,486019510400071,110,Q,8
632,486019510400072,110,Q,9
633,486019510400124,110,Q,10
634,486019510404206,110,Q,11
634,486019510404207,110,Q,12
635,486019510400089,110,Q,13
636,486019510412363,110,Q,14
636,486019510412364,110,Q,15
637,486019510400075,110,Q,16
638,486019510400073,110,R,0
639,486019510412372,110,R,1
640,486019510412369,110,R,2
641,486019510412371,110,R,3
642,486019510412370,110,R,4
643,486019510408296,110,R,5
644,486019510400074,110,R,6
645,486019510408276,110,R,7
646,486019510408262,110,R,8
647,486019510400077,110,R,9
648,486019510408270,110,R,10
649,486019510404217,110,R,11
649,486019510404218,110,R,12
650,486019510404197,110,R,13
651,486019510412366,110,R,14
652,486019510412365,110,R,15
653,486019510408298,110,R,16
654,486019510400078,110,R,17
655,486019510400098,110,S,0
656,486019510400094,110,S,1
656,486019510400095,110,S,2
656,486019510400096,110,S,3
657,486019510412367,110,S,4
658,486019510400090,110,S,5
659,486019510404169,110,S,6
660,486019510408269,110,S,7
661,486019510404172,110,S,8
662,486019510400084,110,S,9
662,486019510400085,110,S,10
663,486019510400117,110,S,11
664,486019510404171,110,S,12
665,486019510412362,110,S,13
666,486019510404216,110,S,14
667,486019510404215,110,S,15
668,486019510404214,110,S,16
669,486019510404213,110,S,17
670,486019510404185,110,S,18
671,486019510408304,110,T,0
671,486019510408303,110,T,1
672,486019510412393,110,T,2
673,486019510408302,110,T,3
674,486019510408301,110,T,4
675,486019510408300,110,T,5
676,486019510408299,110,T,6
677,486019510404212,110,T,7
678,486019510400101,110,T,8
679,486019510408283,110,T,9
680,486019510400091,110,T,10
681,486019510400120,110,T,11
681,486019510400121,110,T,12
682,486019510408319,110,T,13
682,486019510412357,110,T,14
683,486019510400107,110,T,15
683,486019510400108,110,T,16
684,486019510404194,110,T,17
685,486019510404178,110,T,18
686,486019510412375,110,T,19
687,486019510412376,110,U,0
688,486019510408263,110,U,1
689,486019510404195,110,U,2
690,486019510412395,110,U,3
691,486019510412396,110,U,4
692,486019510408272,110,U,5
692,486019510408273,110,U,6
693,486019510404184,110,U,7
694,486019510400100,110,U,8
695,486019510408318,110,U,9
696,486019510408313,110,U,10
697,486019510408264,110,U,11
698,486019510408277,110,U,12
699,486019510404205,110,U,13
700,486019510404204,110,U,14
701,486019510412377,110,V,0
701,486019510412378,110,V,1
702,486019510412368,110,V,2
703,486019510412374,110,V,3
703,486019510412373,110,V,4
704,486019510404211,110,V,5
705,486019510408281,110,V,6
705,486019510408280,110,V,7
706,486019510408279,110,V,8
707,486019510404166,110,V,9
708,486019510404167,110,V,10
709,486019510400105,110,V,11
709,486019510400106,110,V,12
710,486019510400109,110,V,13
711,486019510400097,110,V,14
712,486019510404191,110,W,0
712,486019510404192,110,W,1
713,486019510412358,110,W,2
714,486019510400114,110,W,3
715,486019510400099,110,W,4
716,486019510404208,110,W,5
716,486019510404209,110,W,6
717,486019510404193,110,W,7
718,486019510404221,110,W,8
718,486019510404222,110,W,9
719,486019510404186,110,W,10
719,486019510404187,110,W,11
720,486019510408317,110,W,12
721,486019510408314,109,B,0
721,486019510408315,109,B,1
721,486019510408316,109,B,2
722,486019510400112,109,B,3
722,486019510400113,109,B,4
723,486019510408261,109,B,5
724,486019510404223,109,B,6
725,486019510408284,109,B,7
725,486019510408285,109,B,8
726,486019510400127,109,B,9
727,486019510408268,109,C,0
728,486019510400122,109,C,1
729,486019510408286,109,C,2
729,486019510408287,109,C,3
729,486019510408288,109,C,4
730,486019510400125,109,C,5
730,486019510400126,109,C,6
731,486019510408275,109,C,7
732,486019510408306,109,C,8
733,486019510408305,109,C,9
734,486019510404179,109,C,10
735,486019510404189,109,G,0
735,486019510404190,109,G,1
736,486019510404199,109,G,2
737,486019510408274,109,G,3
738,486019510408312,109,G,4
739,486019510408311,109,G,5
739,486019510408310,109,G,6
740,486019510408309,109,G,7
741,486019510416480,109,G,8
741,486019510416481,109,G,9
742,486019510412410,109,G,10
743,486019510412409,109,G,11
744,486019510412408,109,G,12
745,486019510412407,109,G,13
746,486019510412411,109,G,14
746,486019510412412,109,G,15
747,486019510412414,109,H,0
747,486019510412413,109,H,1
748,486019510416462,109,H,2
748,486019510416463,109,H,3
749,486019510412380,109,H,4
750,486019510416483,109,H,5
751,486019510412381,109,H,6
752,486019510416485,109,H,7
752,486019510416484,109,H,8
753,486019510416464,109,H,9
754,486019510412415,109,H,10
755,486019510416475,109,H,11
756,486019510412397,109,H,12
757,486019510416453,109,H,13
758,486019510412388,109,J,0
759,486019510412389,109,J,1
760,486019510416491,109,J,2
761,486019510416490,109,J,3
762,486019510416489,109,J,4
762,486019510416488,109,J,5
763,486019510412390,109,J,6
763,486019510412391,109,J,7
764,486019510416454,109,J,8
765,486019510412392,109,J,9
766,486019510416455,109,J,10
767,486019510416465,109,J,11
768,486019510416456,109,J,12
769,486019510416457,109,J,13
770,486019510412394,109,J,14
771,486019510416466,109,K,0
772,486019510412405,109,K,1
773,486019510416476,109,K,2
774,486019510416467,109,K,3
775,486019510416458,109,K,4
776,486019510416494,109,K,5
777,486019510416468,109,K,6
778,486019510416479,109,K,7
779,486019510412400,109,K,8
779,486019510412401,109,K,9
780,486019510416469,109,K,10
781,486019510416497,109,K,11
781,486019510416498,109,K,12
782,486019510416499,109,K,13
782,486019510416500,109,K,14
783,486019510416459,109,K,15
784,486019510412406,109,L,0
785,486019510416471,109,L,1
786,486019510416470,109,L,2
787,486019510416477,109,L,3
788,486019510416503,109,L,4
788,486019510416504,109,L,5
788,486019510416505,109,L,6
788,486019510416506,109,L,7
789,486019510416507,109,L,8
789,486019510416508,109,L,9
790,486019510416509,109,L,10
791,486019510420549,109,L,11
792,486019510416511,109,L,12
793,486019510416510,109,L,13
794,486019510412399,109,L,14
795,486019510412398,109,L,15
797,486019510416478,109,L,16
796,486019510416460,109,M,0
796,486019510416461,109,M,1
798,486019510420550,109,M,2
798,486019510420551,109,M,3
799,486019510416472,109,M,4
800,486019510416473,109,M,5
801,486019510416474,109,M,6
802,486019510412404,109,M,7
803,486019510412402,109,M,8
804,486019510412403,109,M,9
805,486019510420558,109,M,10
805,486019510420557,109,M,11
806,486019510420559,109,M,12
807,486019510420560,109,M,13
808,486019510420553,109,M,14
809,486019510420561,109,M,15
810,486019510416496,109,N,0
811,486019510420562,109,N,1
812,486019510416492,109,N,2
812,486019510416493,109,N,3
813,486019510420563,109,N,4
813,486019510420564,109,N,5
814,486019510420565,109,N,6
815,486019510420556,109,N,7
816,486019510420555,109,N,8
817,486019510420573,109,N,9
818,486019510416487,109,N,10
819,486019510420579,109,N,11
820,486019510416486,109,N,12
821,486019510416501,109,N,13
821,486019510416502,109,N,14
822,486019510420580,109,N,15
823,486019510420571,109,N,16
824,486019510420566,109,P,0
825,486019510420567,109,P,1
826,486019510420575,109,P,2
827,486019510420581,109,P,3
828,486019510416495,109,P,4
829,486019510420582,109,P,5
830,486019510420568,109,P,6
831,486019510420554,109,P,7
832,486019510420569,109,P,8
833,486019510420576,109,P,9
834,486019510420552,109,P,10
835,486019510420574,109,P,11
836,486019510420570,109,P,12
837,486019510420577,109,P,13
838,486019510420578,109,P,14
839,486019510420572,109,P,15
840,486019510420585,109,P,16
841,486019510420586,109,Q,0
842,486019510420583,109,Q,1
843,486019510420584,109,Q,2
844,486019510420594,109,Q,3
845,486019510420593,109,Q,4
846,486019510420587,109,Q,5
847,486019510420592,109,Q,6
847,486019510420591,109,Q,7
848,486019510420589,109,Q,8
849,486019510420590,109,Q,9
850,486019510420588,109,Q,10
851,486019510420595,109,Q,11
852,486019510420596,109,Q,12
853,486019510420597,109,Q,13
